Firstname,Lastname,Email,Age,Salary
Zondra,Gherardo,Zondra.Gherardo@yopmail.com,48,78133.48
Felice,Mich,Felice.Mich@yopmail.com,65,63325.3
Charissa,Ashok,Charissa.Ashok@yopmail.com,58,85752.3
Misha,Glovsky,Misha.Glovsky@yopmail.com,62,145808.43
Frieda,Adrienne,Frieda.Adrienne@yopmail.com,20,114615.29
Lily,Lamoree,Lily.Lamoree@yopmail.com,38,143193.78
Margalo,Madelene,Margalo.Madelene@yopmail.com,37,104051
Siana,Guthrie,Siana.Guthrie@yopmail.com,29,76308.78
Lonnie,Rad,Lonnie.Rad@yopmail.com,65,94775.42
Leona,Bord,Leona.Bord@yopmail.com,25,116976.03
Marjie,Amadas,Marjie.Amadas@yopmail.com,22,86121.03
Maryellen,Mendez,Maryellen.Mendez@yopmail.com,56,117519.34
Claresta,Goode,Claresta.Goode@yopmail.com,40,130318.6
Fawne,Lubin,Fawne.Lubin@yopmail.com,23,94530.97
Sam,MacIntosh,Sam.MacIntosh@yopmail.com,25,55281.3
Janis,Euridice,Janis.Euridice@yopmail.com,30,91415.88
Jerry,Nahum,Jerry.Nahum@yopmail.com,19,58112.77
Tabbatha,Primalia,Tabbatha.Primalia@yopmail.com,33,65296.33
Kassey,Margarete,Kassey.Margarete@yopmail.com,37,123263.36
Marcelline,Lorain,Marcelline.Lorain@yopmail.com,36,65473.31
Dulce,Dawkins,Dulce.Dawkins@yopmail.com,31,50764.88
Verla,Salchunas,Verla.Salchunas@yopmail.com,49,80917.02
Karolina,Maurine,Karolina.Maurine@yopmail.com,54,135336.12
Emylee,Hessler,Emylee.Hessler@yopmail.com,43,68082.7
Hollie,Wandie,Hollie.Wandie@yopmail.com,37,132852.8
Althea,Ledah,Althea.Ledah@yopmail.com,59,99559.67
Charmaine,Gemini,Charmaine.Gemini@yopmail.com,58,61282.87
Raf,Radu,Raf.Radu@yopmail.com,56,64906.65
Tonia,Halsey,Tonia.Halsey@yopmail.com,65,112340.29
Ottilie,Merell,Ottilie.Merell@yopmail.com,42,146720.83
Tersina,Trey,Tersina.Trey@yopmail.com,63,80042.79
Ann-Marie,Aprile,Ann-Marie.Aprile@yopmail.com,51,105920.83
Damaris,Ethban,Damaris.Ethban@yopmail.com,60,75057.72
Paola,Tufts,Paola.Tufts@yopmail.com,32,75793.13
Jan,Clie,Jan.Clie@yopmail.com,62,52049
Fawne,Fiester,Fawne.Fiester@yopmail.com,65,46720.06
Lonnie,Faro,Lonnie.Faro@yopmail.com,41,109722.39
Gwenneth,Rustice,Gwenneth.Rustice@yopmail.com,34,61040.85
Lucille,Felecia,Lucille.Felecia@yopmail.com,22,95995.01
Ariela,Moseley,Ariela.Moseley@yopmail.com,64,70041.84
Chickie,Catie,Chickie.Catie@yopmail.com,37,53353.65
Iseabal,Vivle,Iseabal.Vivle@yopmail.com,32,77804.45
Ada,Brandice,Ada.Brandice@yopmail.com,39,46631.18
Nanete,Lowry,Nanete.Lowry@yopmail.com,25,127074.23
Cindelyn,Rolf,Cindelyn.Rolf@yopmail.com,34,46819.79
Roberta,Baudin,Roberta.Baudin@yopmail.com,61,57017.02
Raf,Read,Raf.Read@yopmail.com,41,126945.51
Nannie,Skell,Nannie.Skell@yopmail.com,27,116236.03
Catharine,Dorcy,Catharine.Dorcy@yopmail.com,54,103185.24
Emylee,Burnside,Emylee.Burnside@yopmail.com,36,123735.33
Paule,Anestassia,Paule.Anestassia@yopmail.com,61,74772.34
Harrietta,Screens,Harrietta.Screens@yopmail.com,38,137012.64
Jillayne,Casimir,Jillayne.Casimir@yopmail.com,39,122953.22
Alex,Campball,Alex.Campball@yopmail.com,26,48687.04
Hallie,Velick,Hallie.Velick@yopmail.com,30,45092.51
Debee,Kaja,Debee.Kaja@yopmail.com,35,79759.19
Micheline,Schonfeld,Micheline.Schonfeld@yopmail.com,31,51959.35
Annaliese,Ferino,Annaliese.Ferino@yopmail.com,61,93223.48
Brooks,Desai,Brooks.Desai@yopmail.com,55,64164.05
Desirae,Eno,Desirae.Eno@yopmail.com,47,120757.58
Nessie,Melan,Nessie.Melan@yopmail.com,20,112732.48
Priscilla,Emerson,Priscilla.Emerson@yopmail.com,57,110712.72
Gretal,Sholley,Gretal.Sholley@yopmail.com,55,113848.86
Violet,Hertzfeld,Violet.Hertzfeld@yopmail.com,54,72287.08
Gabi,Chick,Gabi.Chick@yopmail.com,58,138047.01
Harmonia,Trinetta,Harmonia.Trinetta@yopmail.com,55,96092.06
Paule,Docilla,Paule.Docilla@yopmail.com,29,60803.76
Stacey,Rosalba,Stacey.Rosalba@yopmail.com,55,57082.83
Britte,Nisbet,Britte.Nisbet@yopmail.com,48,57041.75
Cathie,Brian,Cathie.Brian@yopmail.com,19,114477.43
Barbara,Keily,Barbara.Keily@yopmail.com,36,109545.28
Hermione,Karl,Hermione.Karl@yopmail.com,55,82636.41
Calla,Sherrie,Calla.Sherrie@yopmail.com,22,126487.58
Oralee,Yuille,Oralee.Yuille@yopmail.com,51,56250.31
Ashlee,Kaete,Ashlee.Kaete@yopmail.com,34,127065.29
Raf,Therine,Raf.Therine@yopmail.com,59,62113.47
Bobbi,Ball,Bobbi.Ball@yopmail.com,20,146867.02
Rani,Kiersten,Rani.Kiersten@yopmail.com,31,82173.61
Tomasina,Fairweather,Tomasina.Fairweather@yopmail.com,22,66856.48
Karlee,Edmund,Karlee.Edmund@yopmail.com,24,128511.69
Gui,Norvol,Gui.Norvol@yopmail.com,28,91447.47
Addia,Mathilde,Addia.Mathilde@yopmail.com,62,132577.51
Larine,Gaal,Larine.Gaal@yopmail.com,36,92893.67
Tori,Miru,Tori.Miru@yopmail.com,51,84848.03
Bill,Nester,Bill.Nester@yopmail.com,19,51231.32
Elena,Cynar,Elena.Cynar@yopmail.com,21,143718.78
Larine,Odysseus,Larine.Odysseus@yopmail.com,63,97846.43
Natka,O'Carroll,Natka.O'Carroll@yopmail.com,18,52603.75
Suzette,Pip,Suzette.Pip@yopmail.com,39,76042.3
Hollie,Arne,Hollie.Arne@yopmail.com,39,126248.4
Cyndie,Beebe,Cyndie.Beebe@yopmail.com,21,61487.92
Leona,Drisko,Leona.Drisko@yopmail.com,61,48924.54
Ada,Moina,Ada.Moina@yopmail.com,65,118310.84
Marcelline,Yate,Marcelline.Yate@yopmail.com,44,72916.4
Verla,Cutlerr,Verla.Cutlerr@yopmail.com,37,54665.89
Pierette,Garlinda,Pierette.Garlinda@yopmail.com,43,95241.85
Emma,Chick,Emma.Chick@yopmail.com,18,106618.5
Kristan,Isidore,Kristan.Isidore@yopmail.com,58,143835.76
Cindelyn,Wesle,Cindelyn.Wesle@yopmail.com,40,46174.76
Myriam,Laverne,Myriam.Laverne@yopmail.com,53,127291.99